ID,Class
506,opel
222,bus
612,van
730,opel
661,saab
577,saab
31,van
145,opel
794,bus
416,bus
271,saab
622,saab
266,bus
351,bus
318,van
604,opel
648,saab
8,van
839,van
150,saab
674,saab
101,van
103,van
764,saab
747,bus
727,bus
757,opel
772,opel
55,van
401,opel
172,van
511,opel
412,bus
255,saab
497,van
643,bus
685,bus
299,bus
751,van
215,opel
77,bus
519,van
27,saab
731,bus
664,van
653,opel
513,saab
489,opel
261,opel
14,bus
408,bus
312,bus
781,van
402,opel
338,van
808,bus
576,saab
235,van
636,saab
715,opel
601,van
758,bus
113,saab
776,saab
721,saab
333,bus
761,saab
144,opel
263,van
334,bus
200,van
625,opel
434,saab
841,saab
613,bus
141,bus
743,opel
364,opel
278,saab
422,saab
162,saab
505,saab
142,opel
651,bus
608,opel
516,opel
196,opel
657,van
683,bus
527,saab
479,bus
386,saab
40,opel
597,van
451,saab
692,saab
283,saab
241,saab
504,saab
817,saab
485,bus
270,bus
732,van
452,saab
214,saab
62,van
79,bus
439,opel
304,bus
494,bus
518,opel
5,bus
614,saab
210,opel
258,saab
700,opel
522,saab
696,opel
140,opel
667,saab
85,bus
308,saab
75,opel
729,saab
532,saab
481,opel
272,van
767,bus
585,van
1,van
493,opel
158,opel
680,van
569,van
236,bus
193,bus
427,opel
204,van
833,opel
175,bus
491,saab
156,opel
471,opel
382,bus
374,van
478,bus
45,van
202,opel
842,van
367,bus
39,bus
18,saab
496,opel
344,opel
642,opel
50,bus
811,opel
311,van
615,saab
122,van
658,van
331,saab
319,bus
10,van
462,saab
68,van
605,opel
279,bus
672,bus
641,bus
252,van
389,opel
503,saab
2,saab
837,saab
363,van
350,opel
390,bus
154,van
791,van
780,saab
748,van
267,saab
521,van
765,bus
567,saab
293,van
778,saab
647,opel
337,bus
71,opel
49,opel
372,van
484,van
465,bus
116,saab
37,van
345,bus
48,van
239,bus
378,opel
346,saab
230,van
673,saab
